{"cameraMode":{"drawMode":0,"name":"Shaded","section":"Shading Mode"},"sceneLighting":true,"audioPlay":false,"sceneViewState":{"showFog":true,"showMaterialUpdate":true,"showSkybox":true,"showFlares":true,"showImageEffects":true,"showParticleSystems":true},"in2DMode":false,"pivot":{"x":-1.2501542568206788,"y":1.540658712387085,"z":1.6414016485214234},"rotation":{"x":0.19757850468158723,"y":0.6204331517219544,"z":0.16554491221904756,"w":-0.7407664060592651},"size":1.2559139728546143,"orthographic":false}